"INSEE";"DEPT";"NUMCANTON"
"01003";"01";""
"01018";"01";""
"01020";"01";""
"01048";"01";""
"01055";"01";""
"01070";"01";""
"01086";"01";""
"01120";"01";""
"01126";"01";""
"01131";"01";""
"01132";"01";""
"01137";"01";""
"01161";"01";""
"01164";"01";""
"01168";"01";""
"01178";"01";""
"01201";"01";""
"01217";"01";""
"01220";"01";""
"01222";"01";""
"01223";"01";""
"01226";"01";""
"01251";"01";""
"01253";"01";""
"01256";"01";""
"01270";"01";""
"01278";"01";""
"01287";"01";""
"01315";"01";""
"01324";"01";""
"01326";"01";""
"01327";"01";""
"01377";"01";""
"01394";"01";""
"01395";"01";""
"01438";"01";""
"01440";"01";""
"01455";"01";""
"01458";"01";""
"01459";"01";""
"02045";"02";""
"02092";"02";""
"02113";"02";""
"02202";"02";""
"02247";"02";""
"02285";"02";""
"02300";"02";""
"02314";"02";""
"02365";"02";""
"02394";"02";""
"02436";"02";""
"02437";"02";""
"02603";"02";""
"02611";"02";""
"02630";"02";""
"02692";"02";""
"02700";"02";""
"02825";"02";""
"03199";"03";""
"04002";"04";""
"04003";"04";""
"04010";"04";""
"04011";"04";""
"04014";"04";""
"04015";"04";""
"04029";"04";""
"04038";"04";""
"04044";"04";""
"04048";"04";""
"04052";"04";""
"04056";"04";""
"04060";"04";""
"04064";"04";""
"04071";"04";""
"04078";"04";""
"04080";"04";""
"04082";"04";""
"04083";"04";""
"04089";"04";""
"04098";"04";""
"04103";"04";""
"04105";"04";""
"04114";"04";""
"04117";"04";""
"04119";"04";""
"04125";"04";""
"04131";"04";""
"04146";"04";""
"04147";"04";""
"04153";"04";""
"04165";"04";""
"04168";"04";""
"04185";"04";""
"04196";"04";""
"04212";"04";""
"04213";"04";""
"04215";"04";""
"04221";"04";""
"04223";"04";""
"04225";"04";""
"04232";"04";""
"04238";"04";""
"04239";"04";""
"04243";"04";""
"05015";"05";""
"05030";"05";""
"05041";"05";""
"05083";"05";""
"05105";"05";""
"05125";"05";""
"05137";"05";""
"07021";"07";""
"07043";"07";""
"07046";"07";""
"07057";"07";""
"07125";"07";""
"07164";"07";""
"07180";"07";""
"07246";"07";""
"07271";"07";""
"07320";"07";""
"08002";"08";""
"08012";"08";""
"08050";"08";""
"08051";"08";""
"08054";"08";""
"08068";"08";""
"08091";"08";""
"08093";"08";""
"08108";"08";""
"08112";"08";""
"08118";"08";""
"08127";"08";""
"08129";"08";""
"08157";"08";""
"08177";"08";""
"08181";"08";""
"08213";"08";""
"08221";"08";""
"08224";"08";""
"08227";"08";""
"08231";"08";""
"08241";"08";""
"08253";"08";""
"08258";"08";""
"08265";"08";""
"08266";"08";""
"08270";"08";""
"08285";"08";""
"08290";"08";""
"08292";"08";""
"08299";"08";""
"08337";"08";""
"08345";"08";""
"08359";"08";""
"08414";"08";""
"08423";"08";""
"08442";"08";""
"08447";"08";""
"08474";"08";""
"08495";"08";""
"09010";"09";""
"09036";"09";""
"09112";"09";""
"09144";"09";""
"09191";"09";""
"09248";"09";""
"09278";"09";""
"09288";"09";""
"09333";"09";""
"09337";"09";""
"10001";"10";""
"10016";"10";""
"10036";"10";""
"10088";"10";""
"10152";"10";""
"10244";"10";""
"10292";"10";""
"10311";"10";""
"10322";"10";""
"10385";"10";""
"10407";"10";""
"10413";"10";""
"11237";"11";""
"11349";"11";""
"11403";"11";""
"12132";"12";""
"12302";"12";""
"12306";"12";""
"13201";"13";""
"13202";"13";""
"13203";"13";""
"13204";"13";""
"13205";"13";""
"13206";"13";""
"13207";"13";""
"13208";"13";""
"13209";"13";""
"13210";"13";""
"13211";"13";""
"13212";"13";""
"13213";"13";""
"13214";"13";""
"13215";"13";""
"13216";"13";""
"14010";"14";""
"14017";"14";""
"14018";"14";""
"14048";"14";""
"14051";"14";""
"14067";"14";""
"14071";"14";""
"14072";"14";""
"14094";"14";""
"14095";"14";""
"14108";"14";""
"14112";"14";""
"14114";"14";""
"14133";"14";""
"14199";"14";""
"14233";"14";""
"14234";"14";""
"14247";"14";""
"14262";"14";""
"14263";"14";""
"14267";"14";""
"14295";"14";""
"14314";"14";""
"14315";"14";""
"14321";"14";""
"14323";"14";""
"14340";"14";""
"14351";"14";""
"14363";"14";""
"14392";"14";""
"14428";"14";""
"14434";"14";""
"14447";"14";""
"14451";"14";""
"14463";"14";""
"14464";"14";""
"14470";"14";""
"14472";"14";""
"14479";"14";""
"14485";"14";""
"14490";"14";""
"14507";"14";""
"14526";"14";""
"14537";"14";""
"14560";"14";""
"14561";"14";""
"14567";"14";""
"14594";"14";""
"14612";"14";""
"14617";"14";""
"14624";"14";""
"14631";"14";""
"14641";"14";""
"14642";"14";""
"14673";"14";""
"14683";"14";""
"14725";"14";""
"14736";"14";""
"15023";"15";""
"15039";"15";""
"15062";"15";""
"15109";"15";""
"15115";"15";""
"15177";"15";""
"15193";"15";""
"15210";"15";""
"15239";"15";""
"16006";"16";""
"16022";"16";""
"16080";"16";""
"16126";"16";""
"16159";"16";""
"16219";"16";""
"16235";"16";""
"16265";"16";""
"16266";"16";""
"16278";"16";""
"16288";"16";""
"16299";"16";""
"16305";"16";""
"16311";"16";""
"16313";"16";""
"16319";"16";""
"16324";"16";""
"16327";"16";""
"16333";"16";""
"16367";"16";""
"16407";"16";""
"17001";"17";""
"17014";"17";""
"17088";"17";""
"17090";"17";""
"17123";"17";""
"17144";"17";""
"17170";"17";""
"17251";"17";""
"17368";"17";""
"17370";"17";""
"17399";"17";""
"17419";"17";""
"17456";"17";""
"17475";"17";""
"19197";"19";""
"19224";"19";""
"19267";"19";""
"2A";"00173";"00"
"2A";"00401";"00"
"2A";"00463";"00"
"2A";"00464";"00"
"2A";"00465";"00"
"2A";"00466";"00"
"2A";"00472";"00"
"2A";"00473";"00"
"2A";"00498";"00"
"2A";"00673";"00"
"2A";"00848";"00"
"2A";"01155";"01"
"2A";"01451";"01"
"2A";"01773";"01"
"2A";"01830";"01"
"2A";"01961";"01"
"2A";"02134";"02"
"2A";"02251";"02"
"2A";"02455";"02"
"2A";"02648";"02"
"2A";"02751";"02"
"2A";"02861";"02"
"2A";"03102";"03"
"2A";"03273";"03"
"2A";"03553";"03"
"2A";"03853";"03"
"2A";"04006";"04"
"2A";"04107";"04"
"2A";"04851";"04"
"2A";"05648";"05"
"2A";"06051";"06"
"2A";"06122";"06"
"2A";"06206";"06"
"2A";"06448";"06"
"2A";"06535";"06"
"2A";"06655";"06"
"2A";"07051";"07"
"2A";"07134";"07"
"2A";"08502";"08"
"2A";"08962";"08"
"2A";"09061";"09"
"2A";"09148";"09"
"2A";"09240";"09"
"2A";"09462";"09"
"2A";"09848";"09"
"2A";"09962";"09"
"2A";"10035";"10"
"2A";"10306";"10"
"2A";"10402";"10"
"2A";"10835";"10"
"2A";"11470";"11"
"2A";"11553";"11"
"2A";"11748";"11"
"2A";"11830";"11"
"2A";"11948";"11"
"2A";"12753";"12"
"2A";"12853";"12"
"2A";"12953";"12"
"2A";"13048";"13"
"2A";"13161";"13"
"2A";"13248";"13"
"2A";"13362";"13"
"2A";"13940";"13"
"2A";"14161";"14"
"2A";"14222";"14"
"2A";"14451";"14"
"2A";"14655";"14"
"2A";"15435";"15"
"2A";"15855";"15"
"2A";"16034";"16"
"2A";"16370";"16"
"2A";"17461";"17"
"2A";"18102";"18"
"2A";"18634";"18"
"2A";"18930";"18"
"2A";"19155";"19"
"2A";"19661";"19"
"2A";"19735";"19"
"2A";"19835";"19"
"2A";"20062";"20"
"2A";"20335";"20"
"2A";"20451";"20"
"2A";"20906";"20"
"2A";"21134";"21"
"2A";"21235";"21"
"2A";"21570";"21"
"2A";"22848";"22"
"2A";"23248";"23"
"2A";"237"
"2A";"24061";"24"
"2A";"24740";"24"
"2A";"24930";"24"
"2A";"25348";"25"
"2A";"25455";"25"
"2A";"25861";"25"
"2A";"25951";"25"
"2A";"26251";"26"
"2A";"26651";"26"
"2A";"26862";"26"
"2A";"26940";"26"
"2A";"27051";"27"
"2A";"27106";"27"
"2A";"27253";"27"
"2A";"27648";"27"
"2A";"27855";"27"
"2A";"27935";"27"
"2A";"28261";"28"
"2A";"28434";"28"
"2A";"28555";"28"
"2A";"28870";"28"
"2A";"294"
"2A";"29551";"29"
"2A";"30022";"30"
"2A";"30855";"30"
"2A";"31030";"31"
"2A";"31248";"31"
"2A";"32262";"32"
"2A";"32306";"32"
"2A";"32406";"32"
"2A";"325"
"2A";"32602";"32"
"2A";"33006";"33"
"2A";"33148";"33"
"2A";"33606";"33"
"2A";"34506";"34"
"2A";"34861";"34"
"2A";"34930";"34"
"2A";"35173";"35"
"2A";"35755";"35"
"2A";"35862";"35"
"2A";"35962";"35"
"2A";"36048";"36"
"2A";"36222";"36"
"2A";"36355";"36"
"2B";"00260";"00"
"2B";"00354";"00"
"2B";"00554";"00"
"2B";"00710";"00"
"2B";"00924";"00"
"2B";"01005";"01"
"2B";"01254";"01"
"2B";"01354";"01"
"2B";"01524";"01"
"2B";"01660";"01"
"2B";"02005";"02"
"2B";"02325";"02"
"2B";"02505";"02"
"2B";"02929";"02"
"2B";"03042";"03"
"2B";"03303";"03"
"2B";"03304";"03"
"2B";"03367";"03"
"2B";"03368";"03"
"2B";"03369";"03"
"2B";"03371";"03"
"2B";"03399";"03"
"2B";"03405";"03"
"2B";"03614";"03"
"2B";"03708";"03"
"2B";"03925";"03"
"2B";"04208";"04"
"2B";"04309";"04"
"2B";"044"
"2B";"04554";"04"
"2B";"04642";"04"
"2B";"04710";"04"
"2B";"04911";"04"
"2B";"05012";"05"
"2B";"05154";"05"
"2B";"05237";"05"
"2B";"05324";"05"
"2B";"05414";"05"
"2B";"05514";"05"
"2B";"05724";"05"
"2B";"05809";"05"
"2B";"05914";"05"
"2B";"06337";"06"
"2B";"06737";"06"
"2B";"06854";"06"
"2B";"06939";"06"
"2B";"07239";"07"
"2B";"07310";"07"
"2B";"07458";"07"
"2B";"07560";"07"
"2B";"076"
"2B";"07759";"07"
"2B";"07854";"07"
"2B";"07925";"07"
"2B";"08025";"08"
"2B";"08110";"08"
"2B";"08225";"08"
"2B";"08310";"08"
"2B";"08405";"08"
"2B";"08642";"08"
"2B";"08716";"08"
"2B";"08824";"08"
"2B";"09320";"09"
"2B";"09510";"09"
"2B";"09617";"09"
"2B";"09705";"09"
"2B";"10139";"10"
"2B";"10214";"10"
"2B";"10554";"10"
"2B";"10654";"10"
"2B";"10742";"10"
"2B";"10929";"10"
"2B";"11054";"11"
"2B";"11137";"11"
"2B";"11205";"11"
"2B";"11339";"11"
"2B";"11654";"11"
"2B";"12071";"12"
"2B";"12111";"12"
"2B";"12225";"12"
"2B";"12319";"12"
"2B";"12419";"12"
"2B";"12539";"12"
"2B";"12654";"12"
"2B";"13420";"13"
"2B";"13541";"13"
"2B";"13626";"13"
"2B";"13754";"13"
"2B";"13805";"13"
"2B";"14014";"14"
"2B";"14324";"14"
"2B";"14559";"14"
"2B";"14710";"14"
"2B";"14808";"14"
"2B";"14919";"14"
"2B";"15012";"15"
"2B";"151"
"2B";"15242";"15"
"2B";"15311";"15"
"2B";"15524";"15"
"2B";"15605";"15"
"2B";"15754";"15"
"2B";"15942";"15"
"2B";"16124";"16"
"2B";"16225";"16"
"2B";"16437";"16"
"2B";"16511";"16"
"2B";"16614";"16"
"2B";"16711";"16"
"2B";"16820";"16"
"2B";"16925";"16"
"2B";"17042";"17"
"2B";"17158";"17"
"2B";"17226";"17"
"2B";"17305";"17"
"2B";"17505";"17"
"2B";"17637";"17"
"2B";"17760";"17"
"2B";"17809";"17"
"2B";"17937";"17"
"2B";"18005";"18"
"2B";"18205";"18"
"2B";"18309";"18"
"2B";"18409";"18"
"2B";"18529";"18"
"2B";"18709";"18"
"2B";"18829";"18"
"2B";"19005";"19"
"2B";"19214";"19"
"2B";"19310";"19"
"2B";"19437";"19"
"2B";"19514";"19"
"2B";"19905";"19"
"2B";"20154";"20"
"2B";"20237";"20"
"2B";"20529";"20"
"2B";"20614";"20"
"2B";"20759";"20"
"2B";"20837";"20"
"2B";"21039";"21"
"2B";"21324";"21"
"2B";"21439";"21"
"2B";"21637";"21"
"2B";"21737";"21"
"2B";"21854";"21"
"2B";"21937";"21"
"2B";"22010";"22"
"2B";"22137";"22"
"2B";"22237";"22"
"2B";"22326";"22"
"2B";"22409";"22"
"2B";"22524";"22"
"2B";"22654";"22"
"2B";"22737";"22"
"2B";"22960";"22"
"2B";"23026";"23"
"2B";"23120";"23"
"2B";"23342";"23"
"2B";"23437";"23"
"2B";"23505";"23"
"2B";"23619";"23"
"2B";"23858";"23"
"2B";"23929";"23"
"2B";"24139";"24"
"2B";"24239";"24"
"2B";"24339";"24"
"2B";"24410";"24"
"2B";"24559";"24"
"2B";"24639";"24"
"2B";"24810";"24"
"2B";"25014";"25"
"2B";"25141";"25"
"2B";"25239";"25"
"2B";"25539";"25"
"2B";"25637";"25"
"2B";"25726";"25"
"2B";"26058";"26"
"2B";"26142";"26"
"2B";"26360";"26"
"2B";"26454";"26"
"2B";"26526";"26"
"2B";"26725";"26"
"2B";"27339";"27"
"2B";"27414";"27"
"2B";"27554";"27"
"2B";"27741";"27"
"2B";"28039";"28"
"2B";"28109";"28"
"2B";"28341";"28"
"2B";"28659";"28"
"2B";"28726";"28"
"2B";"28910";"28"
"2B";"29005";"29"
"2B";"29137";"29"
"2B";"29254";"29"
"2B";"29316";"29"
"2B";"29620";"29"
"2B";"29739";"29"
"2B";"29829";"29"
"2B";"29939";"29"
"2B";"30126";"30"
"2B";"30216";"30"
"2B";"30316";"30"
"2B";"30454";"30"
"2B";"30545";"30"
"2B";"30654";"30"
"2B";"30716";"30"
"2B";"30945";"30"
"2B";"31116";"31"
"2B";"31316";"31"
"2B";"31426";"31"
"2B";"31558";"31"
"2B";"31620";"31"
"2B";"31716";"31"
"2B";"31839";"31"
"2B";"31939";"31"
"2B";"32024";"32"
"2B";"32137";"32"
"2B";"32742";"32"
"2B";"32824";"32"
"2B";"32954";"32"
"2B";"33226";"33"
"2B";"33329";"33"
"2B";"33437";"33"
"2B";"33516";"33"
"2B";"33725";"33"
"2B";"33837";"33"
"2B";"33905";"33"
"2B";"34039";"34"
"2B";"34158";"34"
"2B";"34241";"34"
"2B";"34359";"34"
"2B";"34437";"34"
"2B";"34659";"34"
"2B";"34760";"34"
"2B";"35008";"35"
"2B";"35205";"35"
"2B";"35345";"35"
"2B";"35458";"35"
"2B";"35514";"35"
"2B";"35624";"35"
"2B";"36111";"36"
"2B";"36424";"36"
"2B";"36541";"36"
"2B";"36641";"36"
"20001";"20";""
"20002";"20";""
"20003";"20";""
"20004";"20";""
"20005";"20";""
"20006";"20";""
"20007";"20";""
"20008";"20";""
"20009";"20";""
"20010";"20";""
"20011";"20";""
"20012";"20";""
"20013";"20";""
"20014";"20";""
"20015";"20";""
"20016";"20";""
"20017";"20";""
"20018";"20";""
"20019";"20";""
"20020";"20";""
"20021";"20";""
"20022";"20";""
"20023";"20";""
"20024";"20";""
"20025";"20";""
"20026";"20";""
"20027";"20";""
"20028";"20";""
"20029";"20";""
"20030";"20";""
"20031";"20";""
"20032";"20";""
"20033";"20";""
"20034";"20";""
"20035";"20";""
"20036";"20";""
"20037";"20";""
"20038";"20";""
"20039";"20";""
"20040";"20";""
"20041";"20";""
"20042";"20";""
"20043";"20";""
"20045";"20";""
"20046";"20";""
"20047";"20";""
"20048";"20";""
"20049";"20";""
"20050";"20";""
"20051";"20";""
"20052";"20";""
"20053";"20";""
"20054";"20";""
"20055";"20";""
"20056";"20";""
"20057";"20";""
"20058";"20";""
"20059";"20";""
"20060";"20";""
"20061";"20";""
"20062";"20";""
"20063";"20";""
"20064";"20";""
"20065";"20";""
"20066";"20";""
"20067";"20";""
"20068";"20";""
"20069";"20";""
"20070";"20";""
"20071";"20";""
"20072";"20";""
"20073";"20";""
"20074";"20";""
"20075";"20";""
"20077";"20";""
"20078";"20";""
"20079";"20";""
"20080";"20";""
"20081";"20";""
"20082";"20";""
"20083";"20";""
"20084";"20";""
"20085";"20";""
"20086";"20";""
"20087";"20";""
"20088";"20";""
"20089";"20";""
"20090";"20";""
"20091";"20";""
"20092";"20";""
"20093";"20";""
"20094";"20";""
"20095";"20";""
"20096";"20";""
"20097";"20";""
"20098";"20";""
"20099";"20";""
"20100";"20";""
"20101";"20";""
"20102";"20";""
"20103";"20";""
"20104";"20";""
"20105";"20";""
"20106";"20";""
"20107";"20";""
"20108";"20";""
"20109";"20";""
"20110";"20";""
"20111";"20";""
"20112";"20";""
"20113";"20";""
"20114";"20";""
"20115";"20";""
"20116";"20";""
"20117";"20";""
"20118";"20";""
"20119";"20";""
"20120";"20";""
"20121";"20";""
"20122";"20";""
"20123";"20";""
"20124";"20";""
"20125";"20";""
"20126";"20";""
"20127";"20";""
"20128";"20";""
"20129";"20";""
"20130";"20";""
"20131";"20";""
"20132";"20";""
"20133";"20";""
"20134";"20";""
"20135";"20";""
"20136";"20";""
"20137";"20";""
"20138";"20";""
"20139";"20";""
"20140";"20";""
"20141";"20";""
"20142";"20";""
"20143";"20";""
"20144";"20";""
"20145";"20";""
"20146";"20";""
"20147";"20";""
"20148";"20";""
"20149";"20";""
"20150";"20";""
"20152";"20";""
"20153";"20";""
"20154";"20";""
"20155";"20";""
"20156";"20";""
"20157";"20";""
"20158";"20";""
"20159";"20";""
"20160";"20";""
"20161";"20";""
"20162";"20";""
"20163";"20";""
"20164";"20";""
"20165";"20";""
"20166";"20";""
"20167";"20";""
"20168";"20";""
"20169";"20";""
"20170";"20";""
"20171";"20";""
"20172";"20";""
"20173";"20";""
"20174";"20";""
"20175";"20";""
"20176";"20";""
"20177";"20";""
"20178";"20";""
"20179";"20";""
"20180";"20";""
"20181";"20";""
"20182";"20";""
"20183";"20";""
"20184";"20";""
"20185";"20";""
"20186";"20";""
"20187";"20";""
"20188";"20";""
"20189";"20";""
"20190";"20";""
"20191";"20";""
"20192";"20";""
"20193";"20";""
"20194";"20";""
"20195";"20";""
"20196";"20";""
"20197";"20";""
"20198";"20";""
"20199";"20";""
"20200";"20";""
"20201";"20";""
"20202";"20";""
"20203";"20";""
"20204";"20";""
"20205";"20";""
"20206";"20";""
"20207";"20";""
"20208";"20";""
"20209";"20";""
"20210";"20";""
"20211";"20";""
"20212";"20";""
"20213";"20";""
"20214";"20";""
"20215";"20";""
"20216";"20";""
"20217";"20";""
"20218";"20";""
"20219";"20";""
"20220";"20";""
"20221";"20";""
"20222";"20";""
"20223";"20";""
"20224";"20";""
"20225";"20";""
"20226";"20";""
"20227";"20";""
"20228";"20";""
"20229";"20";""
"20230";"20";""
"20231";"20";""
"20232";"20";""
"20233";"20";""
"20234";"20";""
"20235";"20";""
"20236";"20";""
"20238";"20";""
"20239";"20";""
"20240";"20";""
"20241";"20";""
"20242";"20";""
"20243";"20";""
"20244";"20";""
"20245";"20";""
"20246";"20";""
"20247";"20";""
"20248";"20";""
"20249";"20";""
"20250";"20";""
"20251";"20";""
"20252";"20";""
"20253";"20";""
"20254";"20";""
"20255";"20";""
"20256";"20";""
"20257";"20";""
"20258";"20";""
"20259";"20";""
"20260";"20";""
"20261";"20";""
"20262";"20";""
"20263";"20";""
"20264";"20";""
"20265";"20";""
"20266";"20";""
"20267";"20";""
"20268";"20";""
"20269";"20";""
"20270";"20";""
"20271";"20";""
"20272";"20";""
"20273";"20";""
"20274";"20";""
"20275";"20";""
"20276";"20";""
"20277";"20";""
"20278";"20";""
"20279";"20";""
"20280";"20";""
"20281";"20";""
"20282";"20";""
"20283";"20";""
"20284";"20";""
"20285";"20";""
"20286";"20";""
"20287";"20";""
"20288";"20";""
"20289";"20";""
"20290";"20";""
"20291";"20";""
"20292";"20";""
"20293";"20";""
"20295";"20";""
"20296";"20";""
"20297";"20";""
"20298";"20";""
"20299";"20";""
"20300";"20";""
"20301";"20";""
"20302";"20";""
"20303";"20";""
"20304";"20";""
"20305";"20";""
"20306";"20";""
"20307";"20";""
"20308";"20";""
"20309";"20";""
"20310";"20";""
"20311";"20";""
"20312";"20";""
"20313";"20";""
"20314";"20";""
"20315";"20";""
"20316";"20";""
"20317";"20";""
"20318";"20";""
"20319";"20";""
"20320";"20";""
"20321";"20";""
"20322";"20";""
"20323";"20";""
"20324";"20";""
"20326";"20";""
"20327";"20";""
"20328";"20";""
"20329";"20";""
"20330";"20";""
"20331";"20";""
"20332";"20";""
"20333";"20";""
"20334";"20";""
"20335";"20";""
"20336";"20";""
"20337";"20";""
"20338";"20";""
"20339";"20";""
"20340";"20";""
"20341";"20";""
"20342";"20";""
"20343";"20";""
"20344";"20";""
"20345";"20";""
"20346";"20";""
"20347";"20";""
"20348";"20";""
"20349";"20";""
"20350";"20";""
"20351";"20";""
"20352";"20";""
"20353";"20";""
"20354";"20";""
"20355";"20";""
"20356";"20";""
"20357";"20";""
"20358";"20";""
"20359";"20";""
"20360";"20";""
"20361";"20";""
"20362";"20";""
"20363";"20";""
"20364";"20";""
"20365";"20";""
"20366";"20";""
"21019";"21";""
"21174";"21";""
"21188";"21";""
"21206";"21";""
"21443";"21";""
"21453";"21";""
"21509";"21";""
"21551";"21";""
"21654";"21";""
"21668";"21";""
"21697";"21";""
"22010";"22";""
"22017";"22";""
"22022";"22";""
"22089";"22";""
"22120";"22";""
"22125";"22";""
"22130";"22";""
"22142";"22";""
"22159";"22";""
"22230";"22";""
"22252";"22";""
"22270";"22";""
"22301";"22";""
"22329";"22";""
"22336";"22";""
"22355";"22";""
"22374";"22";""
"22382";"22";""
"23085";"23";""
"23094";"23";""
"23135";"23";""
"23153";"23";""
"23163";"23";""
"23256";"23";""
"24003";"24";""
"24017";"24";""
"24049";"24";""
"24072";"24";""
"24078";"24";""
"24112";"24";""
"24125";"24";""
"24149";"24";""
"24169";"24";""
"24173";"24";""
"24185";"24";""
"24187";"24";""
"24201";"24";""
"24250";"24";""
"24265";"24";""
"24275";"24";""
"24315";"24";""
"24332";"24";""
"24342";"24";""
"24358";"24";""
"24387";"24";""
"24400";"24";""
"24440";"24";""
"24467";"24";""
"24469";"24";""
"24506";"24";""
"24539";"24";""
"24556";"24";""
"24578";"24";""
"24583";"24";""
"25010";"25";""
"25023";"25";""
"25037";"25";""
"25064";"25";""
"25068";"25";""
"25069";"25";""
"25080";"25";""
"25081";"25";""
"25118";"25";""
"25135";"25";""
"25144";"25";""
"25146";"25";""
"25158";"25";""
"25165";"25";""
"25167";"25";""
"25168";"25";""
"25169";"25";""
"25205";"25";""
"25206";"25";""
"25260";"25";""
"25272";"25";""
"25291";"25";""
"25292";"25";""
"25294";"25";""
"25337";"25";""
"25352";"25";""
"25353";"25";""
"25358";"25";""
"25363";"25";""
"25396";"25";""
"25407";"25";""
"25409";"25";""
"25412";"25";""
"25423";"25";""
"25484";"25";""
"25543";"25";""
"25568";"25";""
"25577";"25";""
"25581";"25";""
"25603";"25";""
"25606";"25";""
"25636";"25";""
"26029";"26";""
"26044";"26";""
"26053";"26";""
"26109";"26";""
"26120";"26";""
"26132";"26";""
"26151";"26";""
"26158";"26";""
"26230";"26";""
"26237";"26";""
"26260";"26";""
"26265";"26";""
"26280";"26";""
"27029";"27";""
"27030";"27";""
"27080";"27";""
"27086";"27";""
"27087";"27";""
"27178";"27";""
"27186";"27";""
"27236";"27";""
"27272";"27";""
"27314";"27";""
"27328";"27";""
"27352";"27";""
"27357";"27";""
"27409";"27";""
"27443";"27";""
"27450";"27";""
"27461";"27";""
"27479";"27";""
"27494";"27";""
"27509";"27";""
"27559";"27";""
"27575";"27";""
"27583";"27";""
"27585";"27";""
"27619";"27";""
"27675";"27";""
"28011";"28";""
"28042";"28";""
"28043";"28";""
"28097";"28";""
"28125";"28";""
"28131";"28";""
"28138";"28";""
"28152";"28";""
"28174";"28";""
"28181";"28";""
"28186";"28";""
"28228";"28";""
"28238";"28";""
"28244";"28";""
"28266";"28";""
"28307";"28";""
"28328";"28";""
"28338";"28";""
"28345";"28";""
"28381";"28";""
"28384";"28";""
"28399";"28";""
"28413";"28";""
"28420";"28";""
"29009";"29";""
"29050";"29";""
"29088";"29";""
"29092";"29";""
"29096";"29";""
"29118";"29";""
"29121";"29";""
"29138";"29";""
"29154";"29";""
"29157";"29";""
"29164";"29";""
"29194";"29";""
"29200";"29";""
"29223";"29";""
"29231";"29";""
"29242";"29";""
"29253";"29";""
"29258";"29";""
"29283";"29";""
"30063";"30";""
"30078";"30";""
"30118";"30";""
"31016";"31";""
"31154";"31";""
"31214";"31";""
"31257";"31";""
"32006";"32";""
"32011";"32";""
"32137";"32";""
"32179";"32";""
"32259";"32";""
"33041";"33";""
"33110";"33";""
"33217";"33";""
"33265";"33";""
"33286";"33";""
"33313";"33";""
"33340";"33";""
"33368";"33";""
"33410";"33";""
"33430";"33";""
"33455";"33";""
"33469";"33";""
"33497";"33";""
"34275";"34";""
"35020";"35";""
"35036";"35";""
"35043";"35";""
"35073";"35";""
"35074";"35";""
"35182";"35";""
"35213";"35";""
"35298";"35";""
"35313";"35";""
"35349";"35";""
"36039";"36";""
"37017";"37";""
"37164";"37";""
"37215";"37";""
"37235";"37";""
"37239";"37";""
"38007";"38";""
"38079";"38";""
"38088";"38";""
"38096";"38";""
"38119";"38";""
"38122";"38";""
"38123";"38";""
"38142";"38";""
"38143";"38";""
"38164";"38";""
"38168";"38";""
"38178";"38";""
"38196";"38";""
"38201";"38";""
"38202";"38";""
"38220";"38";""
"38227";"38";""
"38233";"38";""
"38234";"38";""
"38251";"38";""
"38327";"38";""
"38371";"38";""
"38385";"38";""
"38411";"38";""
"38441";"38";""
"38447";"38";""
"38461";"38";""
"38477";"38";""
"38482";"38";""
"38491";"38";""
"38493";"38";""
"38502";"38";""
"38506";"38";""
"38510";"38";""
"39005";"39";""
"39012";"39";""
"39033";"39";""
"39044";"39";""
"39067";"39";""
"39071";"39";""
"39082";"39";""
"39087";"39";""
"39098";"39";""
"39125";"39";""
"39144";"39";""
"39152";"39";""
"39181";"39";""
"39212";"39";""
"39231";"39";""
"39242";"39";""
"39256";"39";""
"39257";"39";""
"39276";"39";""
"39311";"39";""
"39316";"39";""
"39357";"39";""
"39358";"39";""
"39369";"39";""
"39374";"39";""
"39383";"39";""
"39384";"39";""
"39410";"39";""
"39416";"39";""
"39433";"39";""
"39450";"39";""
"39459";"39";""
"39496";"39";""
"39515";"39";""
"39516";"39";""
"39521";"39";""
"39524";"39";""
"39536";"39";""
"39541";"39";""
"39563";"39";""
"39578";"39";""
"39580";"39";""
"40010";"40";""
"40045";"40";""
"40241";"40";""
"41021";"41";""
"41076";"41";""
"41111";"41";""
"41117";"41";""
"41162";"41";""
"41227";"41";""
"42024";"42";""
"42057";"42";""
"42080";"42";""
"42111";"42";""
"42144";"42";""
"42190";"42";""
"42244";"42";""
"42250";"42";""
"42258";"42";""
"42263";"42";""
"42292";"42";""
"42309";"42";""
"43146";"43";""
"43161";"43";""
"43179";"43";""
"43209";"43";""
"43235";"43";""
"43243";"43";""
"43248";"43";""
"43266";"43";""
"44042";"44";""
"44167";"44";""
"44177";"44";""
"45003";"45";""
"45007";"45";""
"45048";"45";""
"45071";"45";""
"45090";"45";""
"45117";"45";""
"45128";"45";""
"45140";"45";""
"45163";"45";""
"45172";"45";""
"45295";"45";""
"45304";"45";""
"45318";"45";""
"45319";"45";""
"45349";"45";""
"47116";"47";""
"47149";"47";""
"47153";"47";""
"47166";"47";""
"47243";"47";""
"47261";"47";""
"47268";"47";""
"47270";"47";""
"47322";"47";""
"48006";"48";""
"48011";"48";""
"48024";"48";""
"48035";"48";""
"48052";"48";""
"48102";"48";""
"48109";"48";""
"48113";"48";""
"48114";"48";""
"48118";"48";""
"48143";"48";""
"48159";"48";""
"48196";"48";""
"49016";"49";""
"49118";"49";""
"49124";"49";""
"49146";"49";""
"49152";"49";""
"49164";"49";""
"49166";"49";""
"49168";"49";""
"49203";"49";""
"49210";"49";""
"49255";"49";""
"49275";"49";""
"49286";"49";""
"49287";"49";""
"49293";"49";""
"49340";"49";""
"49357";"49";""
"49379";"49";""
"50011";"50";""
"50017";"50";""
"50047";"50";""
"50053";"50";""
"50065";"50";""
"50067";"50";""
"50068";"50";""
"50091";"50";""
"50104";"50";""
"50113";"50";""
"50122";"50";""
"50141";"50";""
"50157";"50";""
"50201";"50";""
"50226";"50";""
"50264";"50";""
"50286";"50";""
"50303";"50";""
"50306";"50";""
"50307";"50";""
"50309";"50";""
"50314";"50";""
"50322";"50";""
"50331";"50";""
"50344";"50";""
"50346";"50";""
"50366";"50";""
"50367";"50";""
"50377";"50";""
"50383";"50";""
"50392";"50";""
"50424";"50";""
"50439";"50";""
"50459";"50";""
"50466";"50";""
"50501";"50";""
"50526";"50";""
"50527";"50";""
"50530";"50";""
"50547";"50";""
"50555";"50";""
"50559";"50";""
"50560";"50";""
"50561";"50";""
"50566";"50";""
"50632";"50";""
"50645";"50";""
"51011";"51";""
"51021";"51";""
"51024";"51";""
"51026";"51";""
"51067";"51";""
"51096";"51";""
"51114";"51";""
"51123";"51";""
"51131";"51";""
"51159";"51";""
"51180";"51";""
"51189";"51";""
"51207";"51";""
"51209";"51";""
"51221";"51";""
"51257";"51";""
"51297";"51";""
"51330";"51";""
"51332";"51";""
"51335";"51";""
"51366";"51";""
"51383";"51";""
"51385";"51";""
"51394";"51";""
"51400";"51";""
"51401";"51";""
"51405";"51";""
"51408";"51";""
"51427";"51";""
"51462";"51";""
"51467";"51";""
"51481";"51";""
"51494";"51";""
"51540";"51";""
"51541";"51";""
"51554";"51";""
"51561";"51";""
"51575";"51";""
"51593";"51";""
"51606";"51";""
"51615";"51";""
"51653";"51";""
"51661";"51";""
"52010";"52";""
"52018";"52";""
"52020";"52";""
"52024";"52";""
"52026";"52";""
"52032";"52";""
"52041";"52";""
"52046";"52";""
"52048";"52";""
"52049";"52";""
"52052";"52";""
"52054";"52";""
"52068";"52";""
"52071";"52";""
"52073";"52";""
"52077";"52";""
"52078";"52";""
"52080";"52";""
"52081";"52";""
"52086";"52";""
"52096";"52";""
"52098";"52";""
"52100";"52";""
"52111";"52";""
"52112";"52";""
"52117";"52";""
"52139";"52";""
"52143";"52";""
"52144";"52";""
"52148";"52";""
"52150";"52";""
"52152";"52";""
"52153";"52";""
"52154";"52";""
"52166";"52";""
"52176";"52";""
"52186";"52";""
"52188";"52";""
"52191";"52";""
"52192";"52";""
"52202";"52";""
"52209";"52";""
"52210";"52";""
"52215";"52";""
"52224";"52";""
"52226";"52";""
"52236";"52";""
"52238";"52";""
"52241";"52";""
"52252";"52";""
"52255";"52";""
"52259";"52";""
"52261";"52";""
"52263";"52";""
"52268";"52";""
"52270";"52";""
"52279";"52";""
"52281";"52";""
"52283";"52";""
"52299";"52";""
"52309";"52";""
"52314";"52";""
"52317";"52";""
"52323";"52";""
"52324";"52";""
"52329";"52";""
"52333";"52";""
"52334";"52";""
"52338";"52";""
"52339";"52";""
"52343";"52";""
"52345";"52";""
"52361";"52";""
"52368";"52";""
"52381";"52";""
"52382";"52";""
"52387";"52";""
"52389";"52";""
"52402";"52";""
"52404";"52";""
"52408";"52";""
"52409";"52";""
"52410";"52";""
"52412";"52";""
"52417";"52";""
"52418";"52";""
"52430";"52";""
"52434";"52";""
"52435";"52";""
"52441";"52";""
"52451";"52";""
"52454";"52";""
"52458";"52";""
"52460";"52";""
"52462";"52";""
"52466";"52";""
"52471";"52";""
"52477";"52";""
"52478";"52";""
"52481";"52";""
"52485";"52";""
"52496";"52";""
"52498";"52";""
"52501";"52";""
"52508";"52";""
"52521";"52";""
"52527";"52";""
"52530";"52";""
"52531";"52";""
"52532";"52";""
"52533";"52";""
"52537";"52";""
"53020";"53";""
"53024";"53";""
"53044";"53";""
"53060";"53";""
"53070";"53";""
"53081";"53";""
"53149";"53";""
"53166";"53";""
"53167";"53";""
"53171";"53";""
"53183";"53";""
"53217";"53";""
"53227";"53";""
"53268";"53";""
"53275";"53";""
"54267";"54";""
"54319";"54";""
"54347";"54";""
"54361";"54";""
"54384";"54";""
"54448";"54";""
"54454";"54";""
"54503";"54";""
"55003";"55";""
"55006";"55";""
"55016";"55";""
"55019";"55";""
"55020";"55";""
"55052";"55";""
"55056";"55";""
"55074";"55";""
"55086";"55";""
"55090";"55";""
"55091";"55";""
"55092";"55";""
"55098";"55";""
"55112";"55";""
"55126";"55";""
"55130";"55";""
"55131";"55";""
"55135";"55";""
"55136";"55";""
"55138";"55";""
"55147";"55";""
"55151";"55";""
"55152";"55";""
"55161";"55";""
"55176";"55";""
"55187";"55";""
"55190";"55";""
"55203";"55";""
"55205";"55";""
"55209";"55";""
"55213";"55";""
"55223";"55";""
"55227";"55";""
"55230";"55";""
"55231";"55";""
"55233";"55";""
"55234";"55";""
"55235";"55";""
"55238";"55";""
"55240";"55";""
"55249";"55";""
"55259";"55";""
"55273";"55";""
"55277";"55";""
"55283";"55";""
"55287";"55";""
"55294";"55";""
"55305";"55";""
"55308";"55";""
"55309";"55";""
"55314";"55";""
"55318";"55";""
"55319";"55";""
"55337";"55";""
"55342";"55";""
"55354";"55";""
"55390";"55";""
"55392";"55";""
"55393";"55";""
"55402";"55";""
"55413";"55";""
"55417";"55";""
"55418";"55";""
"55432";"55";""
"55440";"55";""
"55441";"55";""
"55451";"55";""
"55455";"55";""
"55478";"55";""
"55480";"55";""
"55483";"55";""
"55486";"55";""
"55491";"55";""
"55499";"55";""
"55513";"55";""
"55524";"55";""
"55529";"55";""
"55538";"55";""
"55539";"55";""
"55542";"55";""
"55548";"55";""
"55550";"55";""
"55558";"55";""
"55564";"55";""
"55576";"55";""
"55585";"55";""
"56095";"56";""
"56217";"56";""
"56235";"56";""
"57005";"57";""
"57023";"57";""
"57068";"57";""
"57078";"57";""
"57094";"57";""
"57135";"57";""
"57157";"57";""
"57164";"57";""
"57170";"57";""
"57185";"57";""
"57223";"57";""
"57243";"57";""
"57279";"57";""
"57285";"57";""
"57327";"57";""
"57363";"57";""
"57369";"57";""
"57378";"57";""
"57400";"57";""
"57420";"57";""
"57429";"57";""
"57435";"57";""
"57450";"57";""
"57458";"57";""
"57503";"57";""
"57522";"57";""
"57608";"57";""
"57632";"57";""
"57646";"57";""
"57688";"57";""
"57699";"57";""
"57710";"57";""
"57729";"57";""
"57735";"57";""
"57744";"57";""
"57758";"57";""
"57766";"57";""
"58091";"58";""
"59020";"59";""
"59030";"59";""
"59040";"59";""
"59095";"59";""
"59235";"59";""
"59245";"59";""
"59248";"59";""
"59298";"59";""
"59355";"59";""
"59362";"59";""
"59373";"59";""
"59376";"59";""
"59380";"59";""
"59417";"59";""
"59460";"59";""
"59510";"59";""
"59540";"59";""
"59561";"59";""
"59621";"59";""
"59644";"59";""
"60202";"60";""
"60266";"60";""
"60349";"60";""
"60384";"60";""
"60419";"60";""
"60467";"60";""
"60580";"60";""
"60606";"60";""
"60607";"60";""
"60696";"60";""
"61022";"61";""
"61119";"61";""
"61132";"61";""
"61134";"61";""
"61254";"61";""
"61312";"61";""
"61334";"61";""
"61495";"61";""
"62098";"62";""
"62110";"62";""
"62136";"62";""
"62159";"62";""
"62287";"62";""
"62305";"62";""
"62394";"62";""
"62417";"62";""
"62420";"62";""
"62482";"62";""
"62575";"62";""
"62687";"62";""
"62707";"62";""
"62884";"62";""
"63217";"63";""
"63316";"63";""
"63361";"63";""
"64030";"64";""
"64055";"64";""
"64076";"64";""
"64163";"64";""
"64164";"64";""
"64169";"64";""
"64248";"64";""
"64278";"64";""
"64333";"64";""
"64384";"64";""
"64402";"64";""
"64497";"64";""
"64553";"64";""
"65008";"65";""
"65030";"65";""
"65152";"65";""
"65227";"65";""
"65246";"65";""
"65302";"65";""
"65365";"65";""
"65434";"65";""
"66031";"66";""
"66087";"66";""
"66110";"66";""
"66131";"66";""
"66135";"66";""
"66163";"66";""
"66200";"66";""
"66229";"66";""
"66235";"66";""
"67007";"67";""
"67015";"67";""
"67024";"67";""
"67042";"67";""
"67064";"67";""
"67114";"67";""
"67157";"67";""
"67170";"67";""
"67171";"67";""
"67175";"67";""
"67193";"67";""
"67211";"67";""
"67219";"67";""
"67224";"67";""
"67243";"67";""
"67251";"67";""
"67262";"67";""
"67284";"67";""
"67294";"67";""
"67316";"67";""
"67318";"67";""
"67323";"67";""
"67332";"67";""
"67357";"67";""
"67376";"67";""
"67390";"67";""
"67393";"67";""
"67399";"67";""
"67419";"67";""
"67457";"67";""
"67518";"67";""
"67533";"67";""
"67549";"67";""
"67561";"67";""
"67562";"67";""
"68003";"68";""
"68047";"68";""
"68048";"68";""
"68053";"68";""
"68220";"68";""
"68236";"68";""
"68339";"68";""
"68346";"68";""
"68369";"68";""
"69011";"69";""
"69079";"69";""
"69226";"69";""
"69232";"69";""
"69262";"69";""
"69274";"69";""
"69381";"69";""
"69382";"69";""
"69383";"69";""
"69384";"69";""
"69385";"69";""
"69386";"69";""
"69387";"69";""
"69388";"69";""
"69389";"69";""
"70033";"70";""
"70034";"70";""
"70068";"70";""
"70073";"70";""
"70108";"70";""
"70110";"70";""
"70123";"70";""
"70131";"70";""
"70139";"70";""
"70161";"70";""
"70173";"70";""
"70191";"70";""
"70209";"70";""
"70212";"70";""
"70223";"70";""
"70241";"70";""
"70246";"70";""
"70266";"70";""
"70270";"70";""
"70300";"70";""
"70333";"70";""
"70346";"70";""
"70354";"70";""
"70365";"70";""
"70370";"70";""
"70377";"70";""
"70379";"70";""
"70382";"70";""
"70391";"70";""
"70424";"70";""
"70434";"70";""
"70458";"70";""
"70465";"70";""
"70495";"70";""
"70508";"70";""
"70543";"70";""
"70556";"70";""
"70570";"70";""
"71049";"71";""
"71053";"71";""
"71083";"71";""
"71114";"71";""
"71197";"71";""
"71211";"71";""
"71260";"71";""
"71298";"71";""
"71418";"71";""
"71429";"71";""
"71432";"71";""
"71467";"71";""
"71476";"71";""
"71511";"71";""
"71536";"71";""
"71560";"71";""
"71569";"71";""
"71575";"71";""
"72014";"72";""
"72030";"72";""
"72055";"72";""
"72092";"72";""
"72140";"72";""
"72206";"72";""
"72242";"72";""
"72263";"72";""
"72285";"72";""
"72365";"72";""
"72371";"72";""
"73009";"73";""
"73016";"73";""
"73035";"73";""
"73037";"73";""
"73044";"73";""
"73060";"73";""
"73066";"73";""
"73102";"73";""
"73125";"73";""
"73134";"73";""
"73136";"73";""
"73148";"73";""
"73165";"73";""
"73172";"73";""
"73174";"73";""
"73185";"73";""
"73195";"73";""
"73199";"73";""
"73209";"73";""
"73251";"73";""
"73279";"73";""
"73291";"73";""
"73295";"73";""
"73319";"73";""
"73325";"73";""
"74017";"74";""
"74023";"74";""
"74028";"74";""
"74039";"74";""
"74047";"74";""
"74092";"74";""
"74113";"74";""
"74115";"74";""
"74125";"74";""
"74132";"74";""
"74149";"74";""
"74207";"74";""
"74214";"74";""
"74227";"74";""
"74230";"74";""
"74246";"74";""
"74247";"74";""
"74248";"74";""
"74251";"74";""
"74277";"74";""
"74300";"74";""
"75001";"75";""
"75002";"75";""
"75003";"75";""
"75004";"75";""
"75005";"75";""
"75006";"75";""
"75007";"75";""
"75008";"75";""
"75009";"75";""
"75010";"75";""
"75011";"75";""
"75012";"75";""
"75013";"75";""
"75014";"75";""
"75015";"75";""
"75016";"75";""
"75017";"75";""
"75018";"75";""
"75019";"75";""
"75020";"75";""
"75021";"75";""
"75022";"75";""
"75023";"75";""
"75024";"75";""
"75025";"75";""
"75026";"75";""
"75027";"75";""
"75028";"75";""
"75029";"75";""
"75030";"75";""
"75031";"75";""
"75032";"75";""
"75033";"75";""
"75034";"75";""
"75035";"75";""
"75036";"75";""
"75037";"75";""
"75038";"75";""
"75039";"75";""
"75040";"75";""
"75041";"75";""
"75042";"75";""
"75043";"75";""
"75044";"75";""
"75045";"75";""
"75046";"75";""
"75047";"75";""
"75048";"75";""
"75049";"75";""
"75050";"75";""
"75051";"75";""
"75052";"75";""
"75053";"75";""
"75054";"75";""
"75055";"75";""
"75057";"75";""
"75058";"75";""
"75059";"75";""
"75060";"75";""
"75061";"75";""
"75062";"75";""
"75063";"75";""
"75064";"75";""
"75065";"75";""
"75066";"75";""
"75067";"75";""
"75068";"75";""
"75069";"75";""
"75070";"75";""
"75071";"75";""
"75072";"75";""
"75073";"75";""
"75074";"75";""
"75075";"75";""
"75076";"75";""
"75077";"75";""
"75078";"75";""
"75079";"75";""
"75080";"75";""
"75081";"75";""
"75101";"75";""
"75102";"75";""
"75103";"75";""
"75104";"75";""
"75105";"75";""
"75106";"75";""
"75107";"75";""
"75108";"75";""
"75109";"75";""
"75110";"75";""
"75111";"75";""
"75112";"75";""
"75113";"75";""
"75114";"75";""
"75115";"75";""
"75116";"75";""
"75117";"75";""
"75118";"75";""
"75119";"75";""
"75120";"75";""
"76003";"76";""
"76061";"76";""
"76095";"76";""
"76102";"76";""
"76150";"76";""
"76246";"76";""
"76256";"76";""
"76466";"76";""
"76539";"76";""
"76579";"76";""
"76601";"76";""
"76633";"76";""
"76661";"76";""
"76687";"76";""
"76722";"76";""
"77017";"77";""
"77064";"77";""
"77074";"77";""
"77092";"77";""
"77105";"77";""
"77160";"77";""
"77189";"77";""
"77213";"77";""
"77324";"77";""
"77334";"77";""
"77346";"77";""
"77351";"77";""
"77362";"77";""
"77375";"77";""
"77422";"77";""
"77488";"77";""
"77497";"77";""
"77499";"77";""
"77502";"77";""
"77503";"77";""
"78001";"78";""
"78002";"78";""
"78004";"78";""
"78008";"78";""
"78011";"78";""
"78012";"78";""
"78014";"78";""
"78016";"78";""
"78017";"78";""
"78018";"78";""
"78019";"78";""
"78021";"78";""
"78022";"78";""
"78023";"78";""
"78024";"78";""
"78025";"78";""
"78026";"78";""
"78027";"78";""
"78028";"78";""
"78032";"78";""
"78035";"78";""
"78037";"78";""
"78038";"78";""
"78039";"78";""
"78040";"78";""
"78041";"78";""
"78042";"78";""
"78044";"78";""
"78045";"78";""
"78046";"78";""
"78047";"78";""
"78051";"78";""
"78052";"78";""
"78054";"78";""
"78055";"78";""
"78056";"78";""
"78058";"78";""
"78059";"78";""
"78060";"78";""
"78061";"78";""
"78063";"78";""
"78064";"78";""
"78065";"78";""
"78066";"78";""
"78067";"78";""
"78069";"78";""
"78074";"78";""
"78075";"78";""
"78078";"78";""
"78079";"78";""
"78080";"78";""
"78081";"78";""
"78083";"78";""
"78085";"78";""
"78086";"78";""
"78088";"78";""
"78091";"78";""
"78093";"78";""
"78094";"78";""
"78095";"78";""
"78097";"78";""
"78098";"78";""
"78099";"78";""
"78100";"78";""
"78101";"78";""
"78102";"78";""
"78103";"78";""
"78105";"78";""
"78106";"78";""
"78109";"78";""
"78110";"78";""
"78111";"78";""
"78112";"78";""
"78114";"78";""
"78115";"78";""
"78116";"78";""
"78119";"78";""
"78121";"78";""
"78122";"78";""
"78127";"78";""
"78129";"78";""
"78130";"78";""
"78131";"78";""
"78132";"78";""
"78134";"78";""
"78135";"78";""
"78136";"78";""
"78137";"78";""
"78139";"78";""
"78141";"78";""
"78142";"78";""
"78144";"78";""
"78145";"78";""
"78148";"78";""
"78149";"78";""
"78150";"78";""
"78151";"78";""
"78153";"78";""
"78154";"78";""
"78155";"78";""
"78156";"78";""
"78157";"78";""
"78159";"78";""
"78161";"78";""
"78166";"78";""
"78167";"78";""
"78169";"78";""
"78170";"78";""
"78173";"78";""
"78174";"78";""
"78175";"78";""
"78176";"78";""
"78177";"78";""
"78178";"78";""
"78179";"78";""
"78180";"78";""
"78181";"78";""
"78182";"78";""
"78183";"78";""
"78184";"78";""
"78186";"78";""
"78187";"78";""
"78191";"78";""
"78195";"78";""
"78197";"78";""
"78198";"78";""
"78199";"78";""
"78200";"78";""
"78201";"78";""
"78203";"78";""
"78204";"78";""
"78205";"78";""
"78207";"78";""
"78210";"78";""
"78211";"78";""
"78212";"78";""
"78213";"78";""
"78214";"78";""
"78215";"78";""
"78216";"78";""
"78218";"78";""
"78219";"78";""
"78221";"78";""
"78222";"78";""
"78223";"78";""
"78225";"78";""
"78226";"78";""
"78228";"78";""
"78229";"78";""
"78232";"78";""
"78235";"78";""
"78240";"78";""
"78241";"78";""
"78243";"78";""
"78244";"78";""
"78247";"78";""
"78248";"78";""
"78249";"78";""
"78250";"78";""
"78252";"78";""
"78253";"78";""
"78254";"78";""
"78256";"78";""
"78257";"78";""
"78258";"78";""
"78259";"78";""
"78260";"78";""
"78266";"78";""
"78268";"78";""
"78270";"78";""
"78271";"78";""
"78272";"78";""
"78273";"78";""
"78274";"78";""
"78275";"78";""
"78277";"78";""
"78279";"78";""
"78280";"78";""
"78282";"78";""
"78284";"78";""
"78286";"78";""
"78287";"78";""
"78288";"78";""
"78292";"78";""
"78293";"78";""
"78294";"78";""
"78295";"78";""
"78298";"78";""
"78301";"78";""
"78303";"78";""
"78304";"78";""
"78306";"78";""
"78308";"78";""
"78309";"78";""
"78312";"78";""
"78313";"78";""
"78315";"78";""
"78316";"78";""
"78318";"78";""
"78319";"78";""
"78323";"78";""
"78326";"78";""
"78328";"78";""
"78330";"78";""
"78331";"78";""
"78332";"78";""
"78333";"78";""
"78336";"78";""
"78338";"78";""
"78339";"78";""
"78340";"78";""
"78341";"78";""
"78342";"78";""
"78345";"78";""
"78347";"78";""
"78348";"78";""
"78351";"78";""
"78352";"78";""
"78353";"78";""
"78355";"78";""
"78357";"78";""
"78359";"78";""
"78360";"78";""
"78363";"78";""
"78365";"78";""
"78369";"78";""
"78370";"78";""
"78371";"78";""
"78373";"78";""
"78374";"78";""
"78375";"78";""
"78376";"78";""
"78377";"78";""
"78378";"78";""
"78379";"78";""
"78386";"78";""
"78387";"78";""
"78388";"78";""
"78390";"78";""
"78392";"78";""
"78393";"78";""
"78394";"78";""
"78395";"78";""
"78399";"78";""
"78400";"78";""
"78405";"78";""
"78408";"78";""
"78409";"78";""
"78411";"78";""
"78412";"78";""
"78414";"78";""
"78419";"78";""
"78421";"78";""
"78422";"78";""
"78424";"78";""
"78425";"78";""
"78426";"78";""
"78427";"78";""
"78428";"78";""
"78429";"78";""
"78430";"78";""
"78432";"78";""
"78433";"78";""
"78434";"78";""
"78435";"78";""
"78436";"78";""
"78438";"78";""
"78441";"78";""
"78445";"78";""
"78446";"78";""
"78447";"78";""
"78448";"78";""
"78449";"78";""
"78450";"78";""
"78452";"78";""
"78453";"78";""
"78454";"78";""
"78456";"78";""
"78457";"78";""
"78458";"78";""
"78459";"78";""
"78461";"78";""
"78462";"78";""
"78463";"78";""
"78467";"78";""
"78468";"78";""
"78469";"78";""
"78471";"78";""
"78473";"78";""
"78476";"78";""
"78477";"78";""
"78479";"78";""
"78480";"78";""
"78482";"78";""
"78483";"78";""
"78485";"78";""
"78487";"78";""
"78488";"78";""
"78489";"78";""
"78491";"78";""
"78492";"78";""
"78493";"78";""
"78494";"78";""
"78495";"78";""
"78496";"78";""
"78500";"78";""
"78504";"78";""
"78507";"78";""
"78508";"78";""
"78509";"78";""
"78510";"78";""
"78511";"78";""
"78512";"78";""
"78514";"78";""
"78515";"78";""
"78519";"78";""
"78521";"78";""
"78523";"78";""
"78525";"78";""
"78526";"78";""
"78527";"78";""
"78529";"78";""
"78532";"78";""
"78533";"78";""
"78534";"78";""
"78535";"78";""
"78538";"78";""
"78539";"78";""
"78540";"78";""
"78541";"78";""
"78542";"78";""
"78543";"78";""
"78544";"78";""
"78546";"78";""
"78547";"78";""
"78549";"78";""
"78552";"78";""
"78553";"78";""
"78554";"78";""
"78555";"78";""
"78556";"78";""
"78560";"78";""
"78563";"78";""
"78566";"78";""
"78568";"78";""
"78570";"78";""
"78572";"78";""
"78573";"78";""
"78574";"78";""
"78577";"78";""
"78578";"78";""
"78579";"78";""
"78580";"78";""
"78581";"78";""
"78582";"78";""
"78583";"78";""
"78584";"78";""
"78585";"78";""
"78587";"78";""
"78589";"78";""
"78592";"78";""
"78593";"78";""
"78594";"78";""
"78595";"78";""
"78596";"78";""
"78598";"78";""
"78599";"78";""
"78600";"78";""
"78602";"78";""
"78603";"78";""
"78604";"78";""
"78607";"78";""
"78610";"78";""
"78611";"78";""
"78612";"78";""
"78613";"78";""
"78614";"78";""
"78617";"78";""
"78619";"78";""
"78622";"78";""
"78625";"78";""
"78626";"78";""
"78627";"78";""
"78628";"78";""
"78629";"78";""
"78630";"78";""
"78631";"78";""
"78632";"78";""
"78633";"78";""
"78634";"78";""
"78635";"78";""
"78636";"78";""
"78637";"78";""
"78639";"78";""
"78641";"78";""
"78645";"78";""
"78648";"78";""
"78649";"78";""
"78651";"78";""
"78652";"78";""
"78654";"78";""
"78656";"78";""
"78657";"78";""
"78658";"78";""
"78659";"78";""
"78660";"78";""
"78661";"78";""
"78662";"78";""
"78663";"78";""
"78664";"78";""
"78665";"78";""
"78666";"78";""
"78667";"78";""
"78669";"78";""
"78670";"78";""
"78671";"78";""
"78673";"78";""
"78675";"78";""
"78676";"78";""
"78678";"78";""
"78679";"78";""
"78680";"78";""
"78682";"78";""
"78684";"78";""
"78685";"78";""
"78687";"78";""
"78689";"78";""
"78690";"78";""
"78691";"78";""
"78692";"78";""
"79017";"79";""
"79021";"79";""
"79026";"79";""
"79028";"79";""
"79036";"79";""
"79037";"79";""
"79041";"79";""
"79052";"79";""
"79065";"79";""
"79067";"79";""
"79073";"79";""
"79082";"79";""
"79093";"79";""
"79097";"79";""
"79110";"79";""
"79138";"79";""
"79143";"79";""
"79146";"79";""
"79151";"79";""
"79155";"79";""
"79169";"79";""
"79181";"79";""
"79182";"79";""
"79186";"79";""
"79192";"79";""
"79193";"79";""
"79194";"79";""
"79206";"79";""
"79221";"79";""
"79224";"79";""
"79227";"79";""
"79228";"79";""
"79232";"79";""
"79233";"79";""
"79234";"79";""
"79237";"79";""
"79245";"79";""
"79248";"79";""
"79262";"79";""
"79266";"79";""
"79272";"79";""
"79275";"79";""
"79287";"79";""
"79288";"79";""
"79291";"79";""
"79296";"79";""
"79305";"79";""
"79315";"79";""
"79317";"79";""
"79323";"79";""
"79324";"79";""
"79344";"79";""
"80007";"80";""
"80012";"80";""
"80072";"80";""
"80075";"80";""
"80091";"80";""
"80111";"80";""
"80178";"80";""
"80254";"80";""
"80255";"80";""
"80257";"80";""
"80277";"80";""
"80286";"80";""
"80289";"80";""
"80309";"80";""
"80323";"80";""
"80363";"80";""
"80370";"80";""
"80382";"80";""
"80394";"80";""
"80398";"80";""
"80441";"80";""
"80448";"80";""
"80454";"80";""
"80457";"80";""
"80471";"80";""
"80483";"80";""
"80492";"80";""
"80506";"80";""
"80510";"80";""
"80534";"80";""
"80539";"80";""
"80564";"80";""
"80567";"80";""
"80581";"80";""
"80610";"80";""
"80612";"80";""
"80636";"80";""
"80641";"80";""
"80653";"80";""
"80660";"80";""
"80689";"80";""
"80712";"80";""
"80715";"80";""
"80720";"80";""
"80727";"80";""
"80731";"80";""
"80739";"80";""
"80745";"80";""
"80768";"80";""
"80772";"80";""
"80816";"80";""
"80817";"80";""
"80818";"80";""
"80831";"80";""
"81057";"81";""
"81107";"81";""
"81194";"81";""
"83024";"83";""
"85007";"85";""
"85032";"85";""
"85057";"85";""
"85068";"85";""
"85075";"85";""
"85079";"85";""
"85085";"85";""
"85122";"85";""
"85124";"85";""
"85170";"85";""
"85173";"85";""
"85183";"85";""
"85195";"85";""
"85203";"85";""
"85225";"85";""
"85228";"85";""
"85230";"85";""
"85241";"85";""
"85249";"85";""
"85253";"85";""
"85258";"85";""
"85263";"85";""
"85270";"85";""
"85275";"85";""
"85283";"85";""
"86033";"86";""
"86057";"86";""
"86101";"86";""
"86155";"86";""
"86168";"86";""
"86179";"86";""
"86185";"86";""
"86199";"86";""
"86212";"86";""
"86215";"86";""
"86216";"86";""
"86232";"86";""
"86238";"86";""
"86240";"86";""
"86243";"86";""
"86251";"86";""
"86267";"86";""
"86282";"86";""
"86283";"86";""
"87010";"87";""
"87098";"87";""
"87102";"87";""
"87171";"87";""
"87175";"87";""
"88034";"88";""
"88067";"88";""
"88072";"88";""
"88191";"88";""
"88207";"88";""
"88211";"88";""
"88217";"88";""
"88323";"88";""
"88329";"88";""
"88339";"88";""
"88384";"88";""
"88396";"88";""
"88397";"88";""
"88405";"88";""
"88414";"88";""
"88420";"88";""
"88422";"88";""
"89026";"89";""
"89047";"89";""
"89052";"89";""
"89082";"89";""
"89090";"89";""
"89106";"89";""
"89110";"89";""
"89114";"89";""
"89121";"89";""
"89135";"89";""
"89140";"89";""
"89157";"89";""
"89166";"89";""
"89185";"89";""
"89193";"89";""
"89231";"89";""
"89258";"89";""
"89269";"89";""
"89293";"89";""
"89301";"89";""
"89305";"89";""
"89322";"89";""
"89357";"89";""
"89372";"89";""
"89389";"89";""
"89396";"89";""
"89401";"89";""
"89435";"89";""
"89444";"89";""
"89455";"89";""
"89476";"89";""
"90038";"90";""
"90040";"90";""
"90092";"90";""
"90106";"90";""
"91143";"91";""
"91173";"91";""
"91221";"91";""
"91620";"91";""
"95025";"95";""
"95065";"95";""
"97351";"97";""
"97354";"97";""
"97355";"97";""
"97359";"97";""
